,POS,Mean_Editing,CHROM,REF,Run,Condition,Strand.x,repeat..x,Func.wgEncodeGencodeBasicVM16.x,Gene.x,Mean_Editing_Infection,Run,Condition,Delta,change,P_Value
1,3298455,0.093354699,2,A,SRR3471109_SRR3471110,Control,+,SINE/B1_Mm,intronic,Nmt2,0.085204842,SRR3471114_SRR3471115_SRR3471116,Infected,0.008149857,8.72999153,0.051851524
2,6123130,0.15635358,17,A,SRR3471108_SRR3471109_SRR3471110,Control,+,SINE/B1_Mur2,intronic,Tulp4,0.1125,SRR3471111,Infected,0.04385358,28.04769787,0.051851524
3,7538115,0.146341463,19,A,SRR3471109,Control,+,SINE/B1_Mur2,UTR3,Atl3,0.267920631,SRR3471114_SRR3471115_SRR3471116,Infected,-0.121579167,-83.07909762,0.051851524
3,8750269,0.149509079,12,A,SRR3471108_SRR3471109_SRR3471110,Control,+,-/-,UTR3,Pum2,0.613966869,SRR3471111_SRR3471112_SRR3471113,Infected,-0.46445779,-310.6552422,0.051851524
4,31700663,0.156203223,14,T,SRR3471108_SRR3471110,Control,-,-/-,UTR3,Ankrd28,0.12811086,SRR3471114_SRR3471115,Infected,0.028092363,17.9844964,0.051851524
5,31701507,0.114754098,14,T,SRR3471110,Control,-,-/-,UTR3,Ankrd28,0.268467643,SRR3471114_SRR3471115_SRR3471116,Infected,-0.153713545,-133.950375,0.051851524
6,33928557,0.148495074,17,A,SRR3471108_SRR3471109_SRR3471110,Control,+,SINE/B1_Mus1,UTR3,Tapbp,0.232645602,SRR3471114_SRR3471115_SRR3471116,Infected,-0.084150529,-56.66890257,0.051851524
7,86350105,0.120538021,1,T,SRR3471108_SRR3471109_SRR3471110,Control,-,SINE/B1_Mus1,UTR3,Ncl,0.116129032,SRR3471115,Infected,0.004408988,3.657757438,0.051851524
8,103066090,0.186387383,3,A,SRR3471108_SRR3471109_SRR3471110,Control,+,SINE$SINE/PB1D10$B4A,UTR3,Nras,0.240888567,SRR3471114_SRR3471115_SRR3471116,Infected,-0.054501184,-29.24081212,0.051851524
9,142669235,0.11820323,5,A,SRR3471108_SRR3471109_SRR3471110,Control,+,SINE/B1F1,UTR3,Wipi2,0.209371594,SRR3471114_SRR3471115_SRR3471116,Infected,-0.091168365,-77.12848883,0.051851524